timestamp,session,tool,action,result
2026-10-04T10:31:05.358438+00:00,20261004T103105Z,TEST,ação-teste,ok
2026-10-04T10:31:11.600825+00:00,20261004T103105Z,TERMINAL,echo hello-world,exit=0
2026-10-04T10:31:11.623764+00:00,20261004T103105Z,TERMINAL,python --version,exit=0
2026-10-04T10:31:13.675616+00:00,20261004T103105Z,TERMINAL,ping -n 3 127.0.0.1 > nul,TIMEOUT
2026-10-04T10:31:13.684594+00:00,20261004T103105Z,TERMINAL,rm -rf /,NEGADO (deny_list)
2026-10-04T10:31:13.715022+00:00,20261004T103105Z,FS_LIST,C:\Users\HP\Desktop\Desenvolver\HR-HOSPITALITY,29 entries
2026-10-04T10:31:13.755914+00:00,20261004T103105Z,FS_WRITE,C:\Users\HP\Desktop\Desenvolver\HR-HOSPITALITY\_test_deep\test.txt,12 bytes
2026-10-04T10:31:13.763893+00:00,20261004T103105Z,FS_WRITE,C:\Users\HP\Desktop\Desenvolver\HR-HOSPITALITY\_test_abc.txt,11 bytes
2026-10-04T10:31:13.765888+00:00,20261004T103105Z,FS_READ,C:\Users\HP\Desktop\Desenvolver\HR-HOSPITALITY\_test_abc.txt,1 linhas
2026-10-04T10:31:13.767883+00:00,20261004T103105Z,FS_READ,C:\Users\HP\Desktop\Desenvolver\HR-HOSPITALITY\_test_abc.txt,1 linhas
2026-10-04T10:31:13.775860+00:00,20261004T103105Z,FS_EDIT,C:\Users\HP\Desktop\Desenvolver\HR-HOSPITALITY\_test_abc.txt,replace 5 -> 3 bytes
2026-10-04T10:31:13.776858+00:00,20261004T103105Z,FS_READ,C:\Users\HP\Desktop\Desenvolver\HR-HOSPITALITY\_test_abc.txt,1 linhas
2026-10-04T10:31:13.779849+00:00,20261004T103105Z,FS_WRITE,C:\Users\HP\Desktop\Desenvolver\HR-HOSPITALITY\_test_abc.txt,9 bytes
2026-10-04T10:31:13.780847+00:00,20261004T103105Z,FS_READ,C:\Users\HP\Desktop\Desenvolver\HR-HOSPITALITY\_test_abc.txt,1 linhas
